asset_id,type,name,path,source,package_section,priority,status,qa_status,notes
CH_PC1,Character,"Player body + idle/walk/run/attack",art/characters/CH_PC1.glb,Blender Advanced Pipeline,Characters,P0,validated,,
CH_Wizard,Character,"Old Wizard companion + follow anims",art/characters/CH_Wizard.glb,Blender Advanced Pipeline,Characters,P0,validated,,
CH_Companion2,Character,"1 additional companion placeholder",art/characters/CH_Companion2.glb,Blender Advanced Pipeline,Characters,P0,validated,,
CH_Bureaucrat,Character,"Unique celestial bureaucrat",art/characters/CH_Bureaucrat.glb,Blender Advanced Pipeline,Characters,P0,validated,,
CH_Compliance,Character,"Compliance Officer",art/characters/CH_Compliance.glb,Blender Advanced Pipeline,Characters,P1,incoming,,
CR_MisfiledSkeleton,Creature,"Enemy + death",art/creatures/CR_MisfiledSkeleton.glb,Blender Advanced Pipeline,Characters,P0,validated,,
CR_InkBlot,Creature,"Swarm enemy",art/creatures/CR_InkBlot.glb,Blender Advanced Pipeline,Characters,P1,validated,,
CR_PaperElemental,Creature,"Mini-boss",art/creatures/CR_PaperElemental.glb,Blender Advanced Pipeline,Characters,P2,incoming,,
CR_StampGolem,Creature,"Optional boss",art/creatures/CR_StampGolem.glb,Blender Advanced Pipeline,Characters,P2,incoming,,
PR_Binder,Prop,"Prophecy Binder (world + UI art)",art/props/PR_Binder.glb,Blender Advanced Pipeline,Items,P0,validated,,
PR_FilingCabinet,Prop,"Hills / Archives modular",art/props/PR_FilingCabinet.glb,Blender Advanced Pipeline,Items,P0,validated,,
PR_Desk,Prop,"Bureaucrat / annex desks",art/props/PR_Desk.glb,Blender Advanced Pipeline,Items,P0,validated,,
PR_Forms,Prop,"Loose forms, stamps, receipts",art/props/PR_Forms.glb,Blender Advanced Pipeline,Items,P0,validated,,
WP_BasicMelee,Weapon,"Player starter weapon",art/weapons/WP_BasicMelee.glb,Blender Advanced Pipeline,Items,P0,validated,,
ENV_Quietvale,Environment,"Starter village kit",art/environments/ENV_Quietvale.glb,Blender Advanced Pipeline,World,P0,validated,,
ENV_Hills,Environment,"Bureaucracy Hills kit",art/environments/ENV_Hills.glb,Blender Advanced Pipeline,World,P0,validated,,
ENV_Forest,Environment,"Forest of Unhelpful Trees kit",art/environments/ENV_Forest.glb,Blender Advanced Pipeline,World,P2,incoming,,
ENV_City,Environment,"City of Forms kit",art/environments/ENV_City.glb,Blender Advanced Pipeline,World,P2,incoming,,
ENV_Archives,Environment,"Overflow Archives kit",art/environments/ENV_Archives.glb,Blender Advanced Pipeline,World,P2,incoming,,
ENV_Ruins,Environment,"Ruins of Previous Chosen Ones kit",art/environments/ENV_Ruins.glb,Blender Advanced Pipeline,World,P2,incoming,,
ENV_Final,Environment,"Final Administrative Zone kit",art/environments/ENV_Final.glb,Blender Advanced Pipeline,World,P2,incoming,,
MAT_Parchment,Material,"UI / Binder / forms",art/materials/UP_Materials.blend,Blender Advanced Pipeline,Items,P0,validated,,
MAT_Wood,Material,"Quietvale / desks",art/materials/UP_Materials.blend,Blender Advanced Pipeline,Items,P0,validated,,
MAT_MetalStamp,Material,"Stamps / Officers",art/materials/UP_Materials.blend,Blender Advanced Pipeline,Items,P0,validated,,
MAT_Ink,Material,"VFX / enemy",art/materials/UP_Materials.blend,Blender Advanced Pipeline,Items,P0,validated,,